<?xml version="1.0" encoding="UTF-8"?>
<project-private xmlns="http://www.netbeans.org/ns/project-private/1">
    <editor-bookmarks xmlns="http://www.netbeans.org/ns/editor-bookmarks/2" lastBookmarkId="0"/>
    <open-files xmlns="http://www.netbeans.org/ns/projectui-open-files/2">
        <group>
            <file>file:/C:/Users/mikey/OneDrive/Documents/NetBeansProjects/FinalTest/src/DoubleEndedLinkedList.java</file>
            <file>file:/C:/Users/mikey/OneDrive/Documents/NetBeansProjects/FinalTest/src/Link.java</file>
            <file>file:/C:/Users/mikey/OneDrive/Documents/NetBeansProjects/FinalTest/src/ManyLinkedListsDriver.java</file>
            <file>file:/C:/Users/mikey/OneDrive/Documents/NetBeansProjects/FinalTest/src/ManyLinkedLists.java</file>
            <file>file:/C:/Users/mikey/OneDrive/Documents/NetBeansProjects/FinalTest/src/DoublyLinkedList.java</file>
        </group>
    </open-files>
</project-private>
